{
	"info": {
		"_postman_id": "1d3e274d-d2e9-445b-9523-5b8c9bc6eff9",
		"name": "Assessment1",
		"schema": "https://schema.getpostman.com/json/collection/v2.1.0/collection.json"
	},
	"item": [
		{
			"name": "Create Incident",
			"event": [
				{
					"listen": "test",
					"script": {
						"exec": [
							"var resp=pm.response.json();\r",
							"console.log(resp.result.sys_id);\r",
							"var id=resp.result.sys_id;\r",
							"pm.globals.set(\"sysid\",id);"
						],
						"type": "text/javascript"
					}
				}
			],
			"request": {
				"method": "POST",
				"header": [],
				"url": {
					"raw": "https://dev116902.service-now.com/api/now/table/incident",
					"protocol": "https",
					"host": [
						"dev116902",
						"service-now",
						"com"
					],
					"path": [
						"api",
						"now",
						"table",
						"incident"
					],
					"query": [
						{
							"key": "sysparm_fields",
							"value": "state,number",
							"disabled": true
						}
					]
				}
			},
			"response": []
		},
		{
			"name": "Update Incident with Put",
			"request": {
				"method": "PUT",
				"header": [],
				"url": {
					"raw": "https://dev116902.service-now.com/api/now/table/incident/{{sysid}}",
					"protocol": "https",
					"host": [
						"dev116902",
						"service-now",
						"com"
					],
					"path": [
						"api",
						"now",
						"table",
						"incident",
						"{{sysid}}"
					]
				}
			},
			"response": []
		},
		{
			"name": "Delete Incident",
			"event": [
				{
					"listen": "test",
					"script": {
						"exec": [
							"pm.test(\"Status code is 204\", function () {\r",
							"    pm.response.to.have.status(204);\r",
							"});"
						],
						"type": "text/javascript"
					}
				}
			],
			"request": {
				"method": "DELETE",
				"header": [],
				"url": {
					"raw": "https://dev116902.service-now.com/api/now/table/incident/{{sysid}}",
					"protocol": "https",
					"host": [
						"dev116902",
						"service-now",
						"com"
					],
					"path": [
						"api",
						"now",
						"table",
						"incident",
						"{{sysid}}"
					]
				}
			},
			"response": []
		}
	],
	"auth": {
		"type": "basic",
		"basic": [
			{
				"key": "password",
				"value": "Leaf@1234",
				"type": "string"
			},
			{
				"key": "username",
				"value": "admin",
				"type": "string"
			}
		]
	},
	"event": [
		{
			"listen": "prerequest",
			"script": {
				"type": "text/javascript",
				"exec": [
					""
				]
			}
		},
		{
			"listen": "test",
			"script": {
				"type": "text/javascript",
				"exec": [
					""
				]
			}
		}
	]
}