<?xml version="1.0" encoding="UTF-8"?>
<!DOCTYPE suite SYSTEM "https://testng.org/testng-1.0.dtd">

  <suite thread-count="5" name="Test" parallel="classes">
    <test  name="ChromeTest">
  <parameter name="browser" value="chrome"></parameter>
  <classes>
   <class name="com.salesforce.testcases.TC001_ChatterQuestion" />
  
     </classes>
  
  </test> <!-- Testng -->
  
  <test thread-count = "5"  name="FirefoxTest">
  <parameter name="browser" value="firefox"></parameter>
  <classes>
   <class name="com.salesforce.testcases.TC001_ChatterQuestion" />
      </classes>
  
  </test> <!-- Testng -->
  
    <test thread-count = "5"  name="EdgeTest">
  <parameter name="browser" value="edge"></parameter>
        <classes>
      <class name="com.salesforce.testcases.TC001_ChatterQuestion"/>
          </classes>
      </test> <!-- Testng -->    
  </suite> <!-- Testng -->

